,Competitorcount,review_count,categories,opentime,closetime,stars,priceRange,noiselevel,delivery,avg_Income,population
0,13,58,Others,17:00,5:00,4.0,1,average,False,27031,14326
1,13,15,Others,6:00,18:00,3.5,1,quiet,False,27031,14326
2,13,191,Others,7:30,16:30,4.5,1,quiet,False,27031,14326
3,13,4,Others,8:00,16:00,4.5,0,,,27031,14326
4,13,11,Others,11:00,0:00,2.5,2,,,27031,14326
5,13,47,Others,11:00,21:00,4.0,2,quiet,False,27031,14326
6,13,37,Others,11:30,22:00,4.0,2,quiet,False,27031,14326
7,13,24,Others,7:00,15:00,3.5,1,average,False,27031,14326
8,13,5,Others,9:00,19:00,4.5,1,,False,27031,14326
9,13,14,Others,8:00,20:00,4.0,1,average,False,27031,14326
10,13,66,Others,8:00,18:00,3.0,2,quiet,False,27031,14326
11,13,5,Others,17:00,21:30,4.0,2,,False,27031,14326
12,13,38,Others,4:00,21:00,4.0,1,average,False,27031,14326
13,1,3,Others,8:30,20:00,3.0,1,quiet,False,34727,21022
14,32,78,Others,11:00,22:00,4.5,1,average,False,27595,9613
15,32,61,Others,11:30,14:30,4.0,2,average,True,27595,9613
16,32,7,Others,10:00,22:00,3.0,1,,False,27595,9613
17,32,9,Others,11:00,23:00,3.5,4,,False,27595,9613
18,32,105,Others,17:00,22:00,4.5,2,average,False,27595,9613
19,32,46,Others,11:00,2:00,3.0,2,loud,False,27595,9613
20,32,68,Others,11:00,22:00,3.5,2,average,False,27595,9613
21,32,19,Others,9:00,17:30,2.0,1,average,False,27595,9613
22,32,62,Others,11:00,0:00,3.0,2,loud,False,27595,9613
23,32,26,Others,11:00,0:00,4.0,1,average,False,27595,9613
24,32,3,Others,11:00,2:00,4.5,1,,False,27595,9613
25,32,43,Others,11:00,22:30,4.0,1,average,False,27595,9613
26,32,4,Others,7:00,23:00,5.0,1,average,False,27595,9613
27,32,106,Others,6:00,2:00,4.0,1,average,False,27595,9613
28,32,40,Others,7:00,16:00,3.5,2,quiet,True,27595,9613
29,32,26,Others,11:00,3:00,4.5,1,average,False,27595,9613
30,32,7,Others,11:00,2:00,3.5,2,average,False,27595,9613
31,32,22,Others,16:00,1:00,4.0,2,average,True,27595,9613
32,32,103,Others,16:00,2:00,3.0,3,average,False,27595,9613
33,32,28,Others,16:30,22:00,4.0,3,quiet,,27595,9613
34,32,28,Others,11:30,21:00,2.0,3,,False,27595,9613
35,32,4,Others,9:00,21:00,4.0,2,average,False,27595,9613
36,32,25,Others,11:00,22:00,3.5,2,quiet,False,27595,9613
37,32,23,Others,19:00,2:00,2.5,2,loud,False,27595,9613
38,32,29,Others,11:00,2:00,4.5,1,loud,False,27595,9613
39,32,5,Others,10:00,22:00,4.0,1,average,True,27595,9613
40,32,80,Others,8:00,0:00,4.0,1,,False,27595,9613
41,32,5,Others,10:00,22:00,4.0,2,,False,27595,9613
42,32,12,Others,7:00,22:00,4.0,2,average,True,27595,9613
43,32,316,Others,11:00,23:00,4.0,2,very_loud,False,27595,9613
44,32,182,Others,11:00,1:00,4.5,2,average,False,27595,9613
45,32,131,Others,11:30,22:30,3.5,3,average,False,27595,9613
46,4,8,Others,11:00,15:00,5.0,1,average,True,38507,22586
47,4,16,Others,17:00,22:00,3.5,1,average,True,38507,22586
48,4,36,Others,6:00,16:00,4.0,1,average,False,38507,22586
49,4,3,Others,11:00,2:00,1.5,0,,,38507,22586
50,22,136,Others,11:00,22:00,3.5,2,average,False,28517,32482
51,22,199,Others,11:30,22:00,4.0,3,average,False,28517,32482
52,22,92,Others,7:00,19:00,4.5,1,average,False,28517,32482
53,22,4,Others,12:00,22:00,4.0,2,,True,28517,32482
54,22,372,Others,11:00,22:00,4.0,2,average,False,28517,32482
55,22,12,Others,9:00,17:00,4.5,2,quiet,False,28517,32482
56,22,104,Others,11:00,21:00,3.5,1,average,False,28517,32482
57,22,122,Others,11:00,0:00,3.5,2,average,False,28517,32482
58,22,44,Others,16:00,23:00,4.0,2,average,False,28517,32482
59,22,64,Others,17:00,22:00,4.0,2,quiet,False,28517,32482
60,22,143,Others,8:00,17:00,4.0,1,average,False,28517,32482
61,22,60,Others,11:00,23:00,3.0,2,loud,True,28517,32482
62,22,103,Others,17:00,22:00,3.5,2,average,False,28517,32482
63,22,3,Others,11:00,15:00,5.0,0,,True,28517,32482
64,22,131,Others,17:00,22:00,4.0,2,average,False,28517,32482
65,22,241,Others,11:00,22:00,3.5,2,average,False,28517,32482
66,22,13,Others,10:00,19:00,4.0,3,,False,28517,32482
67,22,141,Others,11:00,22:00,4.5,2,average,False,28517,32482
68,22,3,Others,7:00,19:00,4.5,1,,False,28517,32482
69,22,17,Others,8:00,18:00,4.5,1,quiet,False,28517,32482
70,22,18,Others,8:00,18:00,3.0,3,,,28517,32482
71,22,13,Others,10:00,21:00,3.5,1,,False,28517,32482
72,1,25,Others,11:00,18:00,4.0,2,quiet,False,28156,13203
73,3,60,Others,8:00,21:00,4.5,2,average,False,24178,13352
74,3,11,Others,11:00,22:30,4.5,2,quiet,False,24178,13352
75,3,9,Others,10:00,23:00,3.0,1,average,False,24178,13352
76,3,9,Others,8:00,20:00,2.5,1,quiet,False,38292,12891
77,3,3,Others,6:00,5:30,4.5,1,loud,False,38292,12891
78,3,28,Others,5:30,20:00,4.0,1,loud,False,38292,12891
79,3,23,Others,11:00,22:00,4.0,2,quiet,True,34067,12477
80,3,27,Others,6:00,20:00,4.0,1,average,True,34067,12477
81,3,39,Others,11:00,23:00,4.0,1,average,False,34067,12477
82,12,4,Others,9:00,18:00,3.5,3,very_loud,,26712,31850
83,12,5,Others,16:00,0:00,3.5,2,quiet,False,26712,31850
84,12,110,Others,11:00,22:00,4.0,2,average,False,26712,31850
85,12,6,Others,16:00,0:00,4.0,2,,False,26712,31850
86,12,5,Others,6:00,22:00,4.0,2,average,False,26712,31850
87,12,12,Others,12:00,20:00,4.0,1,average,False,26712,31850
88,12,12,Others,6:30,18:00,4.5,1,,True,26712,31850
89,12,3,Others,10:00,17:00,2.5,0,,False,26712,31850
90,12,111,Others,11:00,23:00,3.5,2,average,False,26712,31850
91,12,6,Others,9:00,15:00,4.5,1,average,False,26712,31850
92,12,25,Others,11:00,22:00,4.5,1,quiet,False,26712,31850
93,12,8,Others,7:00,14:00,4.0,1,,,26712,31850
94,39,3,Others,8:00,21:00,4.0,2,quiet,True,18473,28320
95,39,125,Others,11:30,14:30,4.0,2,average,True,18473,28320
96,39,6,Others,11:30,21:30,4.0,1,,True,18473,28320
97,39,4,Others,9:00,2:00,2.5,1,average,,18473,28320
98,39,12,Others,11:00,0:00,2.0,1,,True,18473,28320
99,39,8,Others,11:00,21:30,4.5,1,very_loud,,18473,28320
100,39,21,Others,11:00,22:00,3.0,2,,True,18473,28320
101,39,7,Others,11:00,17:00,3.5,1,,False,18473,28320
102,39,5,Others,16:00,22:00,3.5,2,quiet,False,18473,28320
103,39,6,Others,0:00,0:00,3.5,1,average,False,18473,28320
104,39,20,Others,11:00,2:00,3.0,2,average,True,18473,28320
105,39,8,Others,11:00,19:00,5.0,0,,True,18473,28320
106,39,6,Others,11:00,22:00,4.5,1,quiet,True,18473,28320
107,39,16,Others,9:00,20:00,5.0,1,average,True,18473,28320
108,39,141,Others,10:00,13:30,3.5,1,average,False,18473,28320
109,39,7,Others,12:00,23:00,3.5,1,quiet,True,18473,28320
110,39,35,Others,11:00,22:00,3.0,2,quiet,True,18473,28320
111,39,21,Others,10:30,18:00,4.0,1,quiet,False,18473,28320
112,39,197,Others,11:30,21:00,4.0,2,average,False,18473,28320
113,39,6,Others,6:00,16:00,3.5,1,,,18473,28320
114,39,4,Others,8:00,22:00,4.0,1,,,18473,28320
115,39,39,Others,7:00,18:00,3.0,1,very_loud,False,18473,28320
116,39,57,Others,9:00,17:00,4.0,1,average,False,18473,28320
117,39,6,Others,17:00,1:00,4.0,2,very_loud,False,18473,28320
118,39,100,Others,17:00,23:00,3.5,2,average,True,18473,28320
119,39,102,Others,17:00,20:30,4.5,2,average,False,18473,28320
120,39,21,Others,11:00,22:00,3.0,2,quiet,,18473,28320
121,39,5,Others,9:00,20:00,1.5,1,average,False,18473,28320
122,39,18,Others,11:00,22:00,3.5,2,average,False,18473,28320
123,39,4,Others,10:00,23:00,3.5,1,loud,False,18473,28320
124,39,91,Others,7:30,16:00,3.5,1,average,False,18473,28320
125,39,3,Others,10:00,22:00,4.0,1,,False,18473,28320
126,39,8,Others,17:00,23:00,2.0,1,,False,18473,28320
127,39,33,Others,10:00,22:00,3.5,1,average,False,18473,28320
128,39,6,Others,10:00,20:30,4.0,2,quiet,False,18473,28320
129,39,5,Others,13:00,17:00,4.0,2,average,False,18473,28320
130,39,4,Others,0:00,0:00,3.5,1,quiet,False,18473,28320
131,39,4,Others,6:00,20:00,3.5,1,average,True,18473,28320
132,39,35,Others,11:00,23:00,3.5,1,average,True,18473,28320
133,2,25,Others,11:30,22:00,3.0,3,average,False,43750,13212
134,2,7,Others,11:00,20:00,4.0,1,quiet,False,43750,13212
135,12,32,Others,11:00,20:00,4.0,2,quiet,False,39526,24691
136,12,173,Others,6:00,15:00,4.5,1,average,False,39526,24691
137,12,11,Others,11:00,22:00,3.0,1,quiet,,39526,24691
138,12,5,Others,11:00,21:30,4.0,1,,False,39526,24691
139,12,6,Others,11:30,14:30,3.0,0,,,39526,24691
140,12,12,Others,11:00,22:00,3.0,2,quiet,True,39526,24691
141,12,55,Others,11:30,22:00,3.5,2,average,False,39526,24691
142,12,5,Others,11:00,22:00,2.5,0,,False,39526,24691
143,12,24,Others,11:00,22:00,3.5,1,average,False,39526,24691
144,12,40,Others,11:00,20:00,4.5,1,average,False,39526,24691
145,12,19,Others,9:00,20:00,2.5,2,quiet,False,39526,24691
146,12,8,Others,16:00,2:00,3.5,1,average,False,39526,24691
147,13,70,Others,11:30,22:00,3.0,2,average,True,45173,26425
148,13,33,Others,18:00,0:30,3.0,1,average,False,45173,26425
149,13,32,Others,6:00,6:00,2.5,1,average,False,45173,26425
150,13,65,Others,18:00,21:00,4.0,1,loud,False,45173,26425
151,13,90,Others,11:00,22:00,3.5,2,average,True,45173,26425
152,13,26,Others,12:00,21:00,3.5,2,loud,False,45173,26425
153,13,40,Others,11:00,22:00,4.5,1,quiet,False,45173,26425
154,13,154,Others,11:00,22:00,4.5,1,quiet,False,45173,26425
155,13,32,Others,11:00,19:00,4.5,1,,False,45173,26425
156,13,60,Others,8:00,16:00,4.0,1,loud,False,45173,26425
157,13,32,Others,9:00,18:00,4.0,2,quiet,False,45173,26425
158,13,97,Others,11:00,22:00,4.0,2,average,False,45173,26425
159,13,93,Others,11:30,22:00,4.0,2,average,False,45173,26425
160,4,225,Others,11:00,23:00,4.5,2,loud,False,35983,14956
161,4,3,Others,7:00,1:00,5.0,1,,False,35983,14956
162,4,19,Others,15:00,2:00,3.5,2,average,False,35983,14956
163,4,211,Others,7:00,15:00,4.0,2,average,False,35983,14956
164,13,30,Others,6:30,14:00,3.5,4,quiet,False,14399,19204
165,13,7,Others,9:30,17:30,4.0,2,average,False,14399,19204
166,13,4,Others,7:00,19:00,5.0,1,average,False,14399,19204
167,13,5,Others,0:00,23:59,2.5,0,,,14399,19204
168,13,11,Others,7:00,14:00,4.5,2,average,False,14399,19204
169,13,16,Others,0:00,0:00,4.5,1,loud,False,14399,19204
170,13,9,Others,7:00,14:00,4.0,0,average,,14399,19204
171,13,7,Others,6:00,5:30,4.5,1,average,False,14399,19204
172,13,3,Others,10:00,18:00,5.0,0,,,14399,19204
173,13,5,Others,11:00,22:00,3.0,2,,,14399,19204
174,13,18,Others,10:30,18:00,4.5,1,average,True,14399,19204
175,13,5,Others,17:00,22:00,4.5,0,,,14399,19204
176,13,4,Others,8:00,16:00,4.0,0,,,14399,19204
177,6,3,Others,8:30,17:00,4.0,0,,,44018,19693
178,6,23,Others,7:30,17:00,4.0,2,quiet,True,44018,19693
179,6,6,Others,6:00,15:00,4.0,1,average,False,44018,19693
180,6,5,Others,8:00,15:00,4.5,2,quiet,,44018,19693
181,6,31,Others,9:00,14:00,4.5,2,quiet,False,44018,19693
182,6,60,Others,11:30,14:30,4.0,2,average,False,44018,19693
183,5,5,Others,11:00,22:00,4.0,1,quiet,False,30668,36387
184,5,5,Others,11:00,17:30,4.5,1,average,False,30668,36387
185,5,3,Others,11:00,22:00,3.5,0,,,30668,36387
186,5,39,Others,11:00,23:00,3.0,2,average,False,30668,36387
187,5,43,Others,10:30,22:00,4.0,2,average,False,30668,36387
188,46,4,Others,7:30,20:00,3.0,1,quiet,,18598,1999
189,46,22,Others,9:00,21:00,4.0,1,loud,True,18598,1999
190,46,95,Others,11:00,21:00,3.5,1,average,False,18598,1999
191,46,202,Others,7:00,15:00,4.0,1,average,False,18598,1999
192,46,43,Others,11:30,15:00,3.5,1,quiet,False,18598,1999
193,46,225,Others,11:00,23:00,3.5,2,average,False,18598,1999
194,46,23,Others,11:30,1:00,3.5,2,average,False,18598,1999
195,46,14,Others,10:00,18:00,2.5,2,average,False,18598,1999
196,46,15,Others,17:00,22:00,3.5,2,average,True,18598,1999
197,46,24,Others,7:00,18:00,3.5,2,very_loud,False,18598,1999
198,46,14,Others,10:00,17:00,3.0,1,quiet,False,18598,1999
199,46,76,Others,10:00,20:00,4.0,2,average,False,18598,1999
200,46,11,Others,11:30,1:00,3.0,1,,,18598,1999
201,46,6,Others,10:30,19:00,3.0,2,average,False,18598,1999
202,46,6,Others,8:00,17:30,2.0,1,quiet,False,18598,1999
203,46,40,Others,8:00,17:30,4.0,2,loud,False,18598,1999
204,46,63,Others,9:30,16:30,4.5,1,quiet,False,18598,1999
205,46,11,Others,9:00,20:00,3.5,2,quiet,False,18598,1999
206,46,5,Others,16:00,20:00,4.5,0,,False,18598,1999
207,46,42,Others,10:30,20:00,3.0,2,quiet,False,18598,1999
208,46,73,Others,10:00,15:00,3.5,1,average,True,18598,1999
209,46,31,Others,10:30,0:00,3.5,1,loud,False,18598,1999
210,46,34,Others,17:00,22:00,3.5,2,average,False,18598,1999
211,46,283,Others,11:30,22:00,4.0,2,average,False,18598,1999
212,46,30,Others,11:00,23:00,4.5,2,average,True,18598,1999
213,46,3,Others,11:00,21:00,2.0,0,,,18598,1999
214,46,23,Others,11:00,21:00,3.0,1,loud,False,18598,1999
215,46,43,Others,5:00,15:00,3.5,1,average,False,18598,1999
216,46,9,Others,11:00,22:00,3.0,2,very_loud,,18598,1999
217,46,8,Others,11:00,21:00,3.5,2,average,False,18598,1999
218,46,28,Others,10:00,17:00,3.5,1,loud,False,18598,1999
219,46,19,Others,8:30,16:00,3.0,1,average,False,18598,1999
220,46,34,Others,7:00,18:00,3.5,1,quiet,False,18598,1999
221,46,14,Others,12:00,18:00,3.5,1,quiet,,18598,1999
222,46,40,Others,6:00,18:00,3.0,1,quiet,False,18598,1999
223,46,49,Others,11:00,14:30,4.0,1,average,True,18598,1999
224,46,94,Others,11:00,21:00,3.5,1,quiet,False,18598,1999
225,46,28,Others,12:00,16:00,3.0,1,average,False,18598,1999
226,46,10,Others,11:00,20:00,3.5,1,quiet,True,18598,1999
227,46,29,Others,16:00,23:00,2.5,3,loud,False,18598,1999
228,46,4,Others,7:00,21:00,2.5,1,quiet,True,18598,1999
229,46,261,Others,6:30,14:30,4.0,1,average,False,18598,1999
230,46,37,Others,11:00,19:00,3.5,2,average,False,18598,1999
231,46,135,Others,17:00,0:00,4.0,2,average,False,18598,1999
232,46,6,Others,6:00,22:00,4.5,2,,False,18598,1999
233,46,5,Others,11:00,18:00,4.5,1,quiet,False,18598,1999
234,9,103,Others,0:00,0:00,3.5,1,average,False,22880,12095
235,9,5,Others,8:00,18:00,4.0,1,average,False,22880,12095
236,9,63,Others,11:00,14:30,4.0,2,quiet,False,22880,12095
237,9,62,Others,17:00,2:00,4.0,1,loud,False,22880,12095
238,9,41,Others,11:30,22:00,4.0,2,quiet,True,22880,12095
239,9,27,Others,7:00,21:00,3.5,1,average,,22880,12095
240,9,6,Others,11:00,22:00,3.0,1,average,,22880,12095
241,9,177,Others,10:00,22:00,4.0,1,average,False,22880,12095
242,9,50,Others,11:30,22:00,4.0,1,quiet,False,22880,12095
243,5,16,Others,11:00,20:00,4.5,2,quiet,False,37889,14648
244,5,15,Others,11:00,20:00,4.5,2,quiet,False,37889,14648
245,5,23,Others,11:00,0:00,4.0,2,average,True,37889,14648
246,5,3,Others,11:00,0:00,3.5,0,average,,37889,14648
247,5,9,Others,8:00,15:00,4.0,1,average,False,37889,14648
248,6,8,Others,6:00,14:00,3.5,1,quiet,False,38439,29621
249,6,3,Others,8:00,19:00,3.0,1,,False,38439,29621
250,6,28,Others,11:00,20:00,4.0,1,loud,False,38439,29621
251,6,9,Others,10:00,22:00,3.5,1,quiet,True,38439,29621
252,6,3,Others,6:00,18:00,3.0,0,,,38439,29621
253,6,3,Others,9:00,18:00,3.0,0,,False,38439,29621
254,3,61,Others,17:00,22:00,4.5,2,average,False,58440,17723
255,3,7,Others,11:00,22:00,3.0,0,very_loud,,58440,17723
256,3,33,Others,7:30,15:00,4.0,1,loud,False,58440,17723
257,1,3,Others,7:00,19:00,4.0,2,,,40562,13677
258,15,9,Others,6:00,22:00,3.0,1,average,False,32552,11792
259,15,180,Others,17:00,22:00,4.0,3,average,False,32552,11792
260,15,70,Others,6:00,21:00,4.5,2,average,False,32552,11792
261,15,55,Others,11:00,22:00,4.0,2,quiet,False,32552,11792
262,15,34,Others,9:00,17:00,3.5,2,average,False,32552,11792
263,15,9,Others,9:00,20:00,3.5,2,loud,False,32552,11792
264,15,61,Others,11:30,22:00,3.0,2,average,True,32552,11792
265,15,166,Others,8:00,16:00,4.0,1,average,False,32552,11792
266,15,76,Others,11:30,23:30,2.5,3,average,False,32552,11792
267,15,73,Others,9:00,17:00,4.0,1,average,False,32552,11792
268,15,54,Others,17:00,22:00,4.0,2,average,False,32552,11792
269,15,45,Others,16:30,22:30,2.5,2,quiet,False,32552,11792
270,15,19,Others,9:30,21:00,4.5,3,quiet,False,32552,11792
271,15,7,Others,10:00,17:30,3.0,2,,,32552,11792
272,15,54,Others,17:00,21:30,3.0,2,average,True,32552,11792
273,7,6,Others,11:00,21:00,4.0,1,average,False,23841,4876
274,7,13,Others,6:00,18:00,3.5,1,average,False,23841,4876
275,7,15,Others,6:00,16:00,4.0,1,average,False,23841,4876
276,7,6,Others,7:00,17:00,5.0,1,,False,23841,4876
277,7,63,Others,16:00,22:00,4.0,3,quiet,False,23841,4876
278,7,65,Others,8:00,21:00,4.0,2,average,False,23841,4876
279,7,3,Others,11:30,14:00,4.5,2,,True,23841,4876
280,3,8,Others,11:00,22:00,4.5,1,average,False,40756,14911
281,3,54,Others,11:00,22:00,4.0,2,quiet,False,40756,14911
282,3,3,Others,7:00,14:00,3.5,1,average,False,40756,14911
283,1,11,Others,6:30,17:00,4.5,1,quiet,False,67370,13571
284,2,8,Others,6:30,22:00,3.5,1,average,False,85102,20616
285,2,9,Others,11:00,20:00,3.5,1,average,False,85102,20616
286,3,20,Chinese,11:00,22:00,3.5,2,average,True,27031,14326
287,3,8,Chinese,11:00,22:30,3.0,1,quiet,True,27031,14326
288,3,7,Chinese,11:00,18:00,4.5,1,average,True,27031,14326
289,1,3,Chinese,9:00,21:00,3.0,1,average,,27595,9613
290,2,9,Chinese,10:00,21:30,4.0,1,quiet,False,38507,22586
291,2,11,Chinese,8:00,22:00,2.0,1,average,False,38507,22586
292,5,11,Chinese,11:00,23:00,3.0,1,quiet,False,28517,32482
293,5,15,Chinese,17:00,21:30,3.0,1,quiet,True,28517,32482
294,5,17,Chinese,10:00,21:00,2.0,1,quiet,True,28517,32482
295,5,3,Chinese,10:00,19:00,2.5,1,average,False,28517,32482
296,5,12,Chinese,12:00,20:00,3.0,2,,True,28517,32482
297,3,7,Chinese,9:00,16:30,3.0,2,quiet,False,27041,31216
298,3,3,Chinese,11:00,22:30,3.0,1,average,True,27041,31216
299,3,5,Chinese,16:30,22:00,2.5,1,,True,27041,31216
300,1,9,Chinese,16:00,22:00,2.0,2,average,,34067,12477
301,1,8,Chinese,11:00,22:30,4.0,1,quiet,False,26712,31850
302,11,28,Chinese,11:00,21:00,3.0,1,average,False,18473,28320
303,11,265,Chinese,11:00,21:00,2.5,1,average,True,18473,28320
304,11,11,Chinese,11:00,22:00,1.5,1,quiet,True,18473,28320
305,11,29,Chinese,6:00,23:00,3.0,1,average,False,18473,28320
306,11,10,Chinese,10:00,21:00,3.0,1,quiet,True,18473,28320
307,11,36,Chinese,10:30,22:00,3.0,1,average,False,18473,28320
308,11,59,Chinese,7:30,18:00,3.0,1,average,False,18473,28320
309,11,9,Chinese,11:00,22:00,2.5,2,quiet,True,18473,28320
310,11,61,Chinese,11:00,22:00,3.0,1,average,False,18473,28320
311,11,40,Chinese,11:00,22:00,3.5,2,average,False,18473,28320
312,11,20,Chinese,11:00,22:00,4.0,2,quiet,True,18473,28320
313,4,7,Chinese,11:00,22:00,2.5,3,quiet,True,39526,24691
314,4,24,Chinese,11:00,22:00,4.0,1,quiet,True,39526,24691
315,4,34,Chinese,8:00,18:00,4.0,2,quiet,True,39526,24691
316,4,68,Chinese,11:00,15:00,3.5,2,average,True,39526,24691
317,15,39,Chinese,11:00,21:30,4.0,1,quiet,False,45173,26425
318,15,4,Chinese,11:00,22:00,2.0,1,,True,45173,26425
319,15,212,Chinese,11:00,22:00,4.0,2,average,True,45173,26425
320,15,28,Chinese,13:00,21:00,4.0,2,quiet,True,45173,26425
321,15,4,Chinese,9:00,18:00,1.5,1,,True,45173,26425
322,15,219,Chinese,11:30,14:30,4.0,2,average,True,45173,26425
323,15,42,Chinese,5:30,20:00,3.0,2,quiet,True,45173,26425
324,15,13,Chinese,0:00,0:00,3.0,2,,True,45173,26425
325,15,15,Chinese,11:00,0:00,3.0,2,loud,True,45173,26425
326,15,5,Chinese,10:30,18:30,4.0,2,very_loud,,45173,26425
327,15,95,Chinese,11:00,21:30,4.0,2,average,True,45173,26425
328,15,50,Chinese,12:00,22:00,4.0,2,average,False,45173,26425
329,15,4,Chinese,11:00,23:00,3.0,2,average,True,45173,26425
330,15,127,Chinese,11:00,21:30,4.0,2,average,True,45173,26425
331,15,33,Chinese,10:30,22:00,3.0,2,quiet,True,45173,26425
332,1,4,Chinese,11:00,22:00,2.5,1,quiet,False,35983,14956
333,3,65,Chinese,11:00,21:30,3.5,2,quiet,True,14399,19204
334,3,14,Chinese,11:00,22:00,3.0,1,quiet,True,14399,19204
335,3,29,Chinese,11:30,22:00,3.5,2,quiet,False,14399,19204
336,2,18,Chinese,11:00,21:30,4.0,2,average,True,44018,19693
337,2,4,Chinese,5:30,20:00,3.0,2,,True,44018,19693
338,2,3,Chinese,9:00,17:00,3.5,0,,,30668,36387
339,2,4,Chinese,6:00,21:00,4.0,2,quiet,False,30668,36387
340,6,26,Chinese,11:00,21:00,3.0,2,average,False,18598,1999
341,6,15,Chinese,13:30,21:30,2.5,1,quiet,True,18598,1999
342,6,16,Chinese,11:00,21:00,3.0,1,,True,18598,1999
343,6,7,Chinese,9:00,17:00,1.5,1,quiet,True,18598,1999
344,6,3,Chinese,9:00,17:00,3.5,0,,,18598,1999
345,6,9,Chinese,11:00,21:00,3.5,2,quiet,False,18598,1999
346,1,5,Chinese,12:00,21:00,3.0,1,,True,33724,7991
347,2,8,Chinese,11:00,22:00,3.5,1,quiet,True,22880,12095
348,2,65,Chinese,11:00,22:00,3.5,1,quiet,True,22880,12095
349,2,17,Chinese,17:30,22:30,3.0,2,average,False,37889,14648
350,2,7,Chinese,10:00,22:30,4.0,2,average,False,37889,14648
351,3,14,Chinese,11:00,22:00,4.0,1,quiet,True,38439,29621
352,3,5,Chinese,11:00,21:00,3.5,2,,False,38439,29621
353,3,5,Chinese,11:00,21:00,5.0,2,,True,38439,29621
354,4,3,Chinese,7:00,14:00,3.0,1,,True,58440,17723
355,4,34,Chinese,11:30,22:00,4.0,2,quiet,True,58440,17723
356,4,36,Chinese,11:30,22:00,4.0,2,average,True,58440,17723
357,4,14,Chinese,11:30,22:00,2.5,2,average,True,58440,17723
358,4,10,Chinese,7:00,17:00,4.0,2,quiet,True,40756,14911
359,4,4,Chinese,11:00,22:00,3.5,1,,True,40756,14911
360,4,5,Chinese,11:00,20:30,4.5,2,quiet,False,40756,14911
361,4,10,Chinese,10:30,22:00,3.5,1,quiet,True,40756,14911
362,1,48,Chinese,11:00,22:00,4.5,2,quiet,True,46913,30630
363,2,30,Chinese,11:00,22:00,3.5,2,quiet,True,67370,13571
364,2,42,Chinese,10:00,22:00,3.5,2,average,True,67370,13571
365,1,17,Chinese,11:30,21:30,4.5,2,average,True,85102,20616
366,13,192,American,17:00,22:00,4.5,3,average,False,27031,14326
367,13,37,American,15:00,2:00,4.0,1,very_loud,False,27031,14326
368,13,261,American,11:30,22:00,4.0,3,average,False,27031,14326
369,13,26,American,11:00,2:00,3.5,2,average,False,27031,14326
370,13,51,American,16:00,2:00,3.5,1,average,False,27031,14326
371,13,211,American,11:00,2:00,3.5,2,loud,False,27031,14326
372,13,33,American,11:00,2:00,3.5,1,average,False,27031,14326
373,13,14,American,7:00,0:00,3.5,1,loud,False,27031,14326
374,13,94,American,11:00,22:00,4.5,2,average,False,27031,14326
375,13,18,American,11:00,0:00,4.0,2,average,False,27031,14326
376,13,31,American,7:00,2:00,3.5,1,very_loud,False,27031,14326
377,13,109,American,17:00,22:00,4.0,2,average,False,27031,14326
378,13,199,American,8:00,15:00,4.0,2,average,False,27031,14326
379,2,15,American,17:00,21:00,4.0,2,average,False,34727,21022
380,2,4,American,8:00,17:00,4.0,1,very_loud,False,34727,21022
381,28,227,American,11:00,2:00,3.5,2,average,False,27595,9613
382,28,399,American,11:00,0:00,4.0,2,loud,False,27595,9613
383,28,7,American,17:00,0:00,3.5,2,average,,27595,9613
384,28,105,American,11:00,0:00,3.5,2,average,False,27595,9613
385,28,4,American,23:00,21:00,4.5,1,quiet,False,27595,9613
386,28,8,American,10:00,22:00,3.5,1,loud,False,27595,9613
387,28,10,American,11:00,23:00,3.5,2,,False,27595,9613
388,28,140,American,8:00,14:00,4.0,2,average,False,27595,9613
389,28,11,American,11:00,23:00,2.5,1,,False,27595,9613
390,28,33,American,4:00,22:00,3.5,3,average,False,27595,9613
391,28,5,American,10:00,18:00,3.0,0,,,27595,9613
392,28,7,American,8:00,20:00,3.5,3,average,False,27595,9613
393,28,14,American,10:00,22:00,2.5,1,average,True,27595,9613
394,28,6,American,11:00,21:30,4.0,0,,,27595,9613
395,28,11,American,16:00,2:00,2.5,1,average,False,27595,9613
396,28,127,American,16:00,22:00,3.5,2,average,False,27595,9613
397,28,72,American,11:00,2:00,4.5,2,average,False,27595,9613
398,28,7,American,16:00,2:00,3.0,1,average,False,27595,9613
399,28,107,American,11:00,23:00,3.5,2,average,False,27595,9613
400,28,118,American,11:00,2:00,3.5,2,loud,False,27595,9613
401,28,3,American,6:00,21:00,3.5,0,,,27595,9613
402,28,37,American,11:00,22:00,3.5,1,average,False,27595,9613
403,28,38,American,6:00,2:00,4.0,1,loud,False,27595,9613
404,28,16,American,10:00,2:00,4.0,1,,False,27595,9613
405,28,4,American,8:00,16:00,2.0,1,average,False,27595,9613
406,28,57,American,6:30,18:00,4.5,1,average,False,27595,9613
407,28,89,American,11:00,2:00,3.5,2,loud,False,27595,9613
408,28,47,American,11:00,2:00,4.0,1,average,False,27595,9613
409,8,6,American,11:00,2:00,3.0,1,average,False,38507,22586
410,8,7,American,11:00,2:00,3.5,1,,False,38507,22586
411,8,49,American,11:00,0:00,3.5,2,average,False,38507,22586
412,8,6,American,11:00,2:00,4.0,2,loud,False,38507,22586
413,8,30,American,8:00,23:00,3.5,2,loud,False,38507,22586
414,8,21,American,11:00,2:00,3.5,1,loud,False,38507,22586
415,8,3,American,11:00,2:00,3.5,2,average,True,38507,22586
416,8,4,American,11:00,1:00,3.0,2,average,False,38507,22586
417,6,179,American,17:00,22:00,4.0,3,average,False,28517,32482
418,6,6,American,8:00,15:00,4.5,1,quiet,,28517,32482
419,6,36,American,18:00,22:00,4.5,4,quiet,False,28517,32482
420,6,18,American,11:00,19:00,2.5,2,average,False,28517,32482
421,6,86,American,11:00,0:00,3.0,2,loud,False,28517,32482
422,6,256,American,17:00,23:00,4.0,3,average,False,28517,32482
423,3,95,American,11:00,23:00,4.0,1,average,False,28156,13203
424,3,90,American,16:00,2:00,4.0,2,average,False,28156,13203
425,3,4,American,6:00,15:30,3.5,1,,False,28156,13203
426,1,27,American,11:00,21:00,4.5,1,average,False,24178,13352
427,3,33,American,12:00,2:00,4.0,2,loud,False,38292,12891
428,3,14,American,11:30,21:00,3.5,2,average,False,38292,12891
429,3,6,American,5:30,20:00,4.0,2,average,False,38292,12891
430,1,11,American,5:30,19:00,4.0,1,quiet,False,27041,31216
431,6,38,American,11:00,15:00,2.5,3,quiet,False,34067,12477
432,6,52,American,17:00,22:00,4.5,3,average,False,34067,12477
433,6,67,American,17:00,23:00,3.0,3,average,False,34067,12477
434,6,116,American,16:00,23:00,3.5,2,average,False,34067,12477
435,6,65,American,17:00,22:00,4.0,4,quiet,False,34067,12477
436,6,47,American,11:00,2:00,4.0,2,loud,False,34067,12477
437,15,4,American,10:00,15:00,4.5,1,loud,False,26712,31850
438,15,15,American,11:00,15:00,3.5,2,very_loud,False,26712,31850
439,15,3,American,10:30,21:00,4.5,1,,,26712,31850
440,15,69,American,11:00,2:00,3.0,2,average,False,26712,31850
441,15,8,American,11:00,1:00,5.0,2,average,False,26712,31850
442,15,28,American,9:00,17:00,3.5,2,average,False,26712,31850
443,15,53,American,11:00,2:00,3.5,2,average,False,26712,31850
444,15,3,American,12:00,20:00,3.0,1,,False,26712,31850
445,15,3,American,0:00,0:00,4.5,0,,,26712,31850
446,15,56,American,11:00,23:00,2.5,2,average,False,26712,31850
447,15,59,American,10:00,21:00,3.0,2,very_loud,False,26712,31850
448,15,7,American,11:00,21:00,3.5,2,average,False,26712,31850
449,15,127,American,11:00,23:00,4.0,2,average,False,26712,31850
450,15,138,American,11:00,22:00,3.5,2,average,False,26712,31850
451,15,7,American,7:00,23:00,2.5,1,,False,26712,31850
452,12,32,American,11:30,21:00,3.0,1,loud,False,18473,28320
453,12,151,American,11:00,2:00,3.5,2,loud,False,18473,28320
454,12,88,American,7:00,22:00,4.0,1,average,False,18473,28320
455,12,60,American,11:00,2:00,3.5,1,very_loud,False,18473,28320
456,12,3,American,10:00,21:00,3.5,2,average,False,18473,28320
457,12,76,American,16:30,0:00,4.0,2,average,False,18473,28320
458,12,185,American,11:30,21:00,3.5,2,average,False,18473,28320
459,12,226,American,11:30,14:00,4.5,3,average,False,18473,28320
460,12,5,American,10:30,2:00,3.0,2,very_loud,True,18473,28320
461,12,232,American,11:00,23:00,3.5,2,average,False,18473,28320
462,12,3,American,17:00,23:00,2.5,1,,,18473,28320
463,12,6,American,11:00,22:00,3.0,2,quiet,False,18473,28320
464,5,11,American,9:00,21:00,4.0,2,average,False,43750,13212
465,5,46,American,11:00,0:00,3.0,2,average,False,43750,13212
466,5,11,American,11:00,21:00,3.5,2,average,False,43750,13212
467,5,27,American,18:00,23:00,4.5,3,quiet,False,43750,13212
468,5,16,American,17:30,23:00,2.5,2,average,False,43750,13212
469,10,54,American,11:00,2:00,4.0,2,loud,False,39526,24691
470,10,32,American,11:00,21:00,4.0,2,average,False,39526,24691
471,10,12,American,0:00,0:00,3.5,2,average,False,39526,24691
472,10,15,American,11:00,21:30,3.5,1,average,False,39526,24691
473,10,37,American,11:00,22:00,4.0,2,average,True,39526,24691
474,10,27,American,11:00,18:00,4.5,1,quiet,False,39526,24691
475,10,5,American,16:00,2:00,2.0,2,loud,False,39526,24691
476,10,12,American,10:00,22:00,4.5,1,quiet,False,39526,24691
477,10,9,American,12:00,23:30,3.0,2,average,False,39526,24691
478,10,6,American,16:00,21:30,4.0,2,average,False,39526,24691
479,9,60,American,16:00,2:00,3.5,1,loud,False,45173,26425
480,9,42,American,11:00,21:00,4.0,2,quiet,False,45173,26425
481,9,3,American,15:00,2:00,2.5,2,,False,45173,26425
482,9,68,American,11:00,0:00,3.0,2,average,False,45173,26425
483,9,22,American,4:30,22:00,4.0,1,quiet,False,45173,26425
484,9,74,American,11:30,0:00,4.0,2,average,False,45173,26425
485,9,8,American,11:00,21:00,3.0,2,loud,,45173,26425
486,9,34,American,17:00,22:00,4.0,2,average,,45173,26425
487,9,8,American,16:00,2:00,4.0,1,quiet,False,45173,26425
488,2,87,American,17:00,21:30,4.5,3,average,False,35983,14956
489,2,17,American,7:00,20:00,3.0,2,average,False,35983,14956
490,18,14,American,11:00,22:00,4.0,2,average,False,14399,19204
491,18,43,American,11:00,0:00,3.0,2,average,False,14399,19204
492,18,50,American,11:00,2:00,2.5,2,average,False,14399,19204
493,18,6,American,7:00,20:00,2.5,0,,,14399,19204
494,18,18,American,11:30,22:00,2.5,2,average,False,14399,19204
495,18,35,American,6:00,23:00,2.5,2,quiet,False,14399,19204
496,18,18,American,10:00,2:00,3.0,2,average,False,14399,19204
497,18,10,American,11:00,21:00,2.5,2,average,False,14399,19204
498,18,9,American,8:00,17:00,3.0,2,,False,14399,19204
499,18,39,American,11:00,22:00,3.0,2,average,False,14399,19204
500,18,3,American,5:00,21:00,3.0,3,,False,14399,19204
501,18,34,American,16:30,2:00,2.5,2,very_loud,False,14399,19204
502,18,14,American,6:00,0:00,2.5,2,average,False,14399,19204
503,18,15,American,9:00,17:00,3.5,1,loud,False,14399,19204
504,18,17,American,6:30,23:00,3.0,2,average,False,14399,19204
505,18,9,American,11:00,14:30,2.5,1,,False,14399,19204
506,18,37,American,11:00,14:30,4.0,3,quiet,False,14399,19204
507,18,10,American,11:00,20:00,3.0,2,average,False,14399,19204
508,4,8,American,9:00,17:00,4.5,2,quiet,False,44018,19693
509,4,5,American,10:30,22:00,4.0,1,average,False,44018,19693
510,4,9,American,11:00,23:00,4.0,3,quiet,False,44018,19693
511,4,7,American,8:30,19:00,4.0,1,average,False,44018,19693
512,2,5,American,6:00,21:30,3.5,2,,False,30668,36387
513,2,56,American,17:00,22:00,4.0,2,average,False,30668,36387
514,37,41,American,11:00,2:00,3.0,2,average,False,18598,1999
515,37,96,American,7:00,15:00,4.0,2,average,True,18598,1999
516,37,7,American,9:00,17:00,2.5,3,,False,18598,1999
517,37,6,American,10:00,19:00,2.5,1,loud,False,18598,1999
518,37,50,American,11:00,22:00,3.0,2,average,True,18598,1999
519,37,65,American,11:00,0:00,3.0,2,average,False,18598,1999
520,37,45,American,11:00,22:00,3.5,3,quiet,False,18598,1999
521,37,76,American,7:00,21:00,3.5,2,quiet,False,18598,1999
522,37,38,American,17:00,3:00,3.5,2,average,False,18598,1999
523,37,16,American,6:00,20:00,3.5,1,quiet,False,18598,1999
524,37,89,American,17:00,22:00,3.5,3,average,False,18598,1999
525,37,334,American,11:30,22:00,4.0,3,average,False,18598,1999
526,37,65,American,5:30,19:30,3.5,3,loud,False,18598,1999
527,37,7,American,11:00,20:00,2.5,2,very_loud,,18598,1999
528,37,7,American,11:30,2:00,2.5,2,,False,18598,1999
529,37,18,American,11:30,2:00,3.5,1,,False,18598,1999
530,37,3,American,6:00,19:00,4.0,1,,False,18598,1999
531,37,132,American,11:30,2:00,3.5,2,average,False,18598,1999
532,37,39,American,11:30,0:00,3.5,2,average,False,18598,1999
533,37,102,American,6:30,22:00,3.5,3,average,False,18598,1999
534,37,657,American,12:00,14:00,4.0,3,average,False,18598,1999
535,37,169,American,17:00,23:00,4.5,3,loud,False,18598,1999
536,37,190,American,17:00,12:00,4.0,2,loud,False,18598,1999
537,37,93,American,11:00,20:00,4.0,1,average,True,18598,1999
538,37,6,American,10:00,19:00,3.5,2,,False,18598,1999
539,37,111,American,11:00,23:00,3.5,2,average,False,18598,1999
540,37,31,American,7:00,15:00,3.5,1,average,False,18598,1999
541,37,5,American,13:30,21:30,3.5,1,,False,18598,1999
542,37,137,American,11:00,0:00,3.5,2,average,False,18598,1999
543,37,53,American,11:00,21:00,3.5,1,average,False,18598,1999
544,37,52,American,11:00,2:00,3.5,2,average,False,18598,1999
545,37,178,American,11:00,23:00,3.0,2,average,False,18598,1999
546,37,286,American,11:00,19:00,5.0,2,average,False,18598,1999
547,37,15,American,9:00,17:00,3.5,2,average,False,18598,1999
548,37,9,American,0:00,0:00,3.0,1,loud,False,18598,1999
549,37,77,American,11:00,22:00,3.0,2,average,False,18598,1999
550,37,5,American,12:00,2:00,2.5,1,average,,18598,1999
551,2,7,American,11:00,2:00,5.0,1,loud,False,33724,7991
552,2,20,American,6:00,2:00,5.0,1,quiet,False,33724,7991
553,8,39,American,15:30,2:00,4.0,2,average,False,22880,12095
554,8,51,American,11:00,2:00,3.5,2,average,False,22880,12095
555,8,139,American,12:00,22:00,4.0,3,average,False,22880,12095
556,8,86,American,11:00,21:00,4.0,2,average,False,22880,12095
557,8,36,American,11:30,22:00,4.0,2,quiet,False,22880,12095
558,8,6,American,8:00,22:00,3.5,2,average,True,22880,12095
559,8,20,American,16:00,2:00,3.5,1,loud,False,22880,12095
560,8,13,American,10:30,22:00,3.5,1,very_loud,False,22880,12095
561,2,11,American,11:00,17:00,3.5,2,loud,False,37889,14648
562,2,20,American,11:00,0:00,3.0,2,average,False,37889,14648
563,1,6,American,11:00,21:00,2.0,3,average,False,38439,29621
564,2,32,American,11:30,22:00,4.0,3,average,False,58440,17723
565,2,47,American,11:00,0:00,3.0,2,average,False,58440,17723
566,11,56,American,17:00,23:00,3.5,2,quiet,False,32552,11792
567,11,41,American,16:00,2:00,4.0,1,loud,False,32552,11792
568,11,91,American,11:00,2:00,3.5,2,average,False,32552,11792
569,11,37,American,11:00,2:00,3.0,1,average,False,32552,11792
570,11,127,American,17:00,22:00,4.0,2,average,False,32552,11792
571,11,6,American,11:00,22:00,3.0,2,,,32552,11792
572,11,53,American,10:00,20:30,4.0,2,quiet,False,32552,11792
573,11,87,American,11:00,22:00,3.0,2,average,True,32552,11792
574,11,30,American,9:00,17:00,3.0,2,loud,False,32552,11792
575,11,192,American,11:30,2:00,3.5,2,loud,False,32552,11792
576,11,32,American,11:00,2:00,3.5,1,loud,True,32552,11792
577,2,5,American,11:30,22:00,3.0,2,,False,23841,4876
578,2,18,American,17:00,22:00,4.0,3,quiet,False,23841,4876
579,5,5,American,10:00,22:00,4.0,1,,False,40756,14911
580,5,4,American,11:00,16:00,4.0,2,,,40756,14911
581,5,7,American,11:00,21:00,4.0,1,quiet,False,40756,14911
582,5,10,American,9:00,18:00,2.0,2,average,False,40756,14911
583,5,21,American,16:00,22:30,4.0,2,average,False,40756,14911
584,1,7,American,11:00,2:00,3.5,2,average,True,41367,39126
585,3,8,American,11:30,23:00,4.5,2,average,False,46913,30630
586,3,7,American,11:00,23:00,4.0,2,average,False,46913,30630
587,3,50,American,11:00,22:00,4.0,2,average,False,46913,30630
588,6,13,American,11:00,22:00,3.5,2,average,True,67370,13571
589,6,9,American,8:00,19:00,3.0,1,average,False,67370,13571
590,6,13,American,11:00,22:00,3.5,2,loud,False,67370,13571
591,6,19,American,11:00,22:00,2.0,2,average,False,67370,13571
592,6,26,American,11:00,2:00,3.5,2,average,False,67370,13571
593,6,10,American,10:00,20:00,2.5,2,average,False,67370,13571
594,2,16,American,17:00,22:00,4.5,3,average,False,85102,20616
595,2,18,American,11:00,1:00,3.0,2,average,True,85102,20616
596,2,64,Deli,11:00,20:00,4.5,1,average,False,27031,14326
597,2,39,Deli,10:00,17:00,4.0,1,quiet,False,27031,14326
598,1,64,Deli,10:00,23:00,4.0,1,average,True,27595,9613
599,1,9,Deli,7:00,18:00,4.5,1,average,False,38507,22586
600,1,84,Deli,11:00,19:00,4.5,1,average,False,28156,13203
601,1,3,Deli,10:00,18:00,4.0,1,quiet,False,27041,31216
602,5,3,Deli,12:00,20:00,3.5,1,quiet,False,26712,31850
603,5,12,Deli,9:00,1:00,3.0,2,very_loud,True,26712,31850
604,5,6,Deli,10:00,17:00,4.5,1,quiet,False,26712,31850
605,5,7,Deli,0:00,0:00,3.0,1,quiet,True,26712,31850
606,5,7,Deli,9:00,15:30,5.0,1,loud,False,26712,31850
607,7,11,Deli,8:00,19:00,4.5,1,quiet,True,18473,28320
608,7,11,Deli,11:00,22:00,3.5,1,average,True,18473,28320
609,7,23,Deli,7:00,18:00,3.5,1,quiet,True,18473,28320
610,7,14,Deli,9:00,18:00,3.0,1,quiet,False,18473,28320
611,7,81,Deli,7:00,19:00,4.0,1,average,False,18473,28320
612,7,76,Deli,11:00,20:00,3.5,1,average,False,18473,28320
613,7,31,Deli,10:30,19:00,4.5,1,quiet,False,18473,28320
614,1,6,Deli,11:00,1:00,3.0,2,average,False,43750,13212
615,3,3,Deli,10:00,20:00,4.5,2,,,39526,24691
616,3,9,Deli,9:30,19:00,4.0,1,quiet,True,39526,24691
617,3,55,Deli,11:00,22:00,3.5,2,average,True,39526,24691
618,5,13,Deli,12:00,22:00,3.0,1,average,False,45173,26425
619,5,60,Deli,6:00,19:00,3.0,1,average,False,45173,26425
620,5,73,Deli,8:00,17:00,4.0,1,average,False,45173,26425
621,5,6,Deli,8:00,19:00,4.0,1,quiet,True,45173,26425
622,5,14,Deli,12:00,20:00,2.5,1,,True,45173,26425
623,1,5,Deli,10:00,20:30,5.0,1,quiet,False,14399,19204
624,1,5,Deli,7:00,19:00,2.5,2,average,False,44018,19693
625,9,3,Deli,11:00,18:00,3.5,0,,,18598,1999
626,9,5,Deli,7:00,15:00,3.0,3,quiet,False,18598,1999
627,9,8,Deli,9:00,20:00,4.5,1,average,False,18598,1999
628,9,20,Deli,7:30,15:00,4.0,1,quiet,False,18598,1999
629,9,14,Deli,11:00,21:00,3.5,1,average,True,18598,1999
630,9,3,Deli,10:00,19:00,4.5,1,quiet,,18598,1999
631,9,5,Deli,10:30,0:00,3.0,1,average,True,18598,1999
632,9,30,Deli,7:00,20:00,3.5,1,average,False,18598,1999
633,9,20,Deli,9:00,17:00,4.0,1,average,False,18598,1999
634,3,21,Deli,9:00,18:00,4.5,1,average,False,22880,12095
635,3,12,Deli,8:00,18:00,3.5,1,average,False,22880,12095
636,3,3,Deli,11:00,19:00,4.0,0,,,22880,12095
637,1,24,Deli,11:00,2:00,3.5,2,average,False,32552,11792
638,1,62,Seafood,11:30,21:30,3.0,2,average,False,27595,9613
639,1,3,Seafood,16:00,21:30,1.5,1,average,False,27041,31216
640,3,173,Seafood,11:00,22:00,4.0,3,average,False,34067,12477
641,3,18,Seafood,17:30,22:00,3.0,3,average,False,34067,12477
642,3,56,Seafood,11:30,23:00,3.5,2,average,False,34067,12477
643,3,10,Seafood,12:00,20:00,2.5,2,average,False,26712,31850
644,3,4,Seafood,8:00,19:00,4.0,2,quiet,False,26712,31850
645,3,7,Seafood,10:00,23:00,4.0,1,,False,26712,31850
646,2,50,Seafood,11:00,0:00,3.5,2,loud,False,14399,19204
647,2,173,Seafood,11:00,22:00,3.5,3,average,False,14399,19204
648,13,67,Seafood,10:00,22:00,3.0,1,average,False,18598,1999
649,13,37,Seafood,9:00,17:00,2.5,2,average,False,18598,1999
650,13,32,Seafood,0:00,0:00,4.0,3,average,False,18598,1999
651,13,97,Seafood,11:30,22:00,4.0,4,average,False,18598,1999
652,13,137,Seafood,9:00,16:00,4.5,2,loud,False,18598,1999
653,13,67,Seafood,11:00,16:00,4.0,2,average,False,18598,1999
654,13,134,Seafood,11:00,21:00,4.0,2,average,True,18598,1999
655,13,44,Seafood,11:00,21:00,3.5,3,average,False,18598,1999
656,13,23,Seafood,9:00,18:00,3.5,3,average,False,18598,1999
657,13,117,Seafood,8:00,17:30,4.0,2,average,False,18598,1999
658,13,125,Seafood,11:00,0:00,2.5,2,average,False,18598,1999
659,13,3,Seafood,17:00,22:00,3.5,2,,,18598,1999
660,13,74,Seafood,11:00,23:00,2.5,3,quiet,False,18598,1999
661,2,3,Seafood,7:00,19:00,4.0,0,,,22880,12095
662,2,15,Seafood,11:00,21:00,3.5,2,quiet,False,22880,12095
663,1,37,Seafood,11:00,22:00,3.5,2,average,False,37889,14648
664,1,24,Seafood,11:00,22:00,3.5,3,average,False,67370,13571
665,3,13,Italian,16:00,21:00,4.0,3,average,,27031,14326
666,3,45,Italian,17:00,0:00,3.0,2,average,False,27031,14326
667,3,4,Italian,9:00,16:00,3.5,0,,,27031,14326
668,5,3,Italian,10:00,19:00,4.5,2,,,27595,9613
669,5,6,Italian,19:00,2:00,3.0,2,,,27595,9613
670,5,27,Italian,7:00,22:00,4.0,2,quiet,False,27595,9613
671,5,47,Italian,17:00,22:30,4.0,3,average,False,27595,9613
672,5,108,Italian,17:00,2:00,4.5,3,average,False,27595,9613
673,3,58,Italian,16:00,22:00,4.5,4,quiet,False,28517,32482
674,3,46,Italian,16:00,22:00,2.5,2,average,False,28517,32482
675,3,136,Italian,17:00,22:00,4.0,2,average,False,28517,32482
676,1,72,Italian,16:30,22:00,4.5,4,average,False,27041,31216
677,2,56,Italian,16:00,22:00,3.5,2,average,False,34067,12477
678,2,27,Italian,17:00,21:00,3.5,3,quiet,False,34067,12477
679,2,5,Italian,11:00,21:00,5.0,3,quiet,False,26712,31850
680,2,71,Italian,11:00,21:00,4.0,2,average,True,26712,31850
681,4,33,Italian,17:00,23:00,4.0,3,quiet,True,18473,28320
682,4,9,Italian,11:00,23:00,3.0,2,average,False,18473,28320
683,4,77,Italian,11:00,0:00,3.0,2,average,False,18473,28320
684,4,42,Italian,11:30,21:00,3.5,3,quiet,False,18473,28320
685,3,6,Italian,16:00,22:00,3.5,0,very_loud,False,39526,24691
686,3,24,Italian,11:30,22:00,3.5,3,quiet,False,39526,24691
687,3,3,Italian,11:30,21:30,5.0,2,quiet,False,39526,24691
688,3,6,Italian,11:00,22:00,3.0,2,average,False,45173,26425
689,3,13,Italian,11:00,19:00,2.0,3,average,True,45173,26425
690,3,9,Italian,9:00,18:00,2.5,2,quiet,True,45173,26425
691,1,18,Italian,17:00,21:00,3.0,2,average,False,35983,14956
692,4,5,Italian,10:30,21:00,2.5,2,,False,14399,19204
693,4,24,Italian,8:00,22:00,4.0,2,average,False,14399,19204
694,4,60,Italian,11:00,22:00,3.0,2,average,True,14399,19204
695,4,9,Italian,7:00,15:00,3.5,3,quiet,False,14399,19204
696,6,9,Italian,11:30,21:00,4.0,2,average,False,44018,19693
697,6,27,Italian,11:00,21:00,4.0,2,average,False,44018,19693
698,6,18,Italian,10:30,21:00,3.5,3,quiet,False,44018,19693
699,6,5,Italian,9:00,21:00,4.0,2,average,False,44018,19693
700,6,27,Italian,11:00,22:00,4.0,2,average,False,44018,19693
701,6,19,Italian,11:00,22:00,3.5,2,average,False,44018,19693
702,20,13,Italian,11:00,22:00,3.0,2,loud,False,18598,1999
703,20,32,Italian,11:00,23:00,3.0,3,average,False,18598,1999
704,20,74,Italian,11:00,22:00,2.5,2,average,False,18598,1999
705,20,8,Italian,16:00,23:30,3.5,2,loud,,18598,1999
706,20,15,Italian,10:30,20:00,4.5,1,,True,18598,1999
707,20,22,Italian,9:00,21:00,3.5,3,average,False,18598,1999
708,20,87,Italian,6:00,16:00,4.0,2,average,False,18598,1999
709,20,93,Italian,11:00,22:00,4.0,2,average,False,18598,1999
710,20,4,Italian,8:00,17:00,3.5,2,average,True,18598,1999
711,20,82,Italian,11:00,0:00,4.0,2,loud,False,18598,1999
712,20,24,Italian,11:00,21:00,3.0,2,average,False,18598,1999
713,20,19,Italian,11:00,21:00,3.0,2,very_loud,False,18598,1999
714,20,4,Italian,7:00,14:00,4.0,2,,,18598,1999
715,20,222,Italian,11:30,14:00,3.5,3,average,False,18598,1999
716,20,35,Italian,11:00,23:00,2.5,2,quiet,False,18598,1999
717,20,16,Italian,11:30,2:00,3.5,1,average,False,18598,1999
718,20,16,Italian,11:30,21:00,2.0,2,average,False,18598,1999
719,20,8,Italian,11:00,21:00,3.5,2,average,,18598,1999
720,20,131,Italian,11:30,23:00,4.5,2,average,False,18598,1999
721,20,21,Italian,10:00,21:00,4.0,3,average,False,18598,1999
722,4,40,Italian,11:00,2:00,3.0,2,average,False,22880,12095
723,4,53,Italian,11:00,22:00,3.5,2,average,True,22880,12095
724,4,60,Italian,7:00,16:00,3.5,1,quiet,True,22880,12095
725,4,9,Italian,8:00,18:00,2.5,2,quiet,True,22880,12095
726,3,11,Italian,12:00,21:00,4.0,2,average,False,37889,14648
727,3,10,Italian,16:00,22:00,4.0,2,average,False,37889,14648
728,3,15,Italian,9:00,2:00,4.0,2,average,False,37889,14648
729,1,3,Italian,10:00,18:00,2.0,2,,,58440,17723
730,2,56,Italian,17:00,2:00,3.5,2,average,False,32552,11792
731,2,136,Italian,11:30,22:00,3.5,2,very_loud,False,32552,11792
732,1,12,Italian,11:00,21:00,3.0,2,quiet,False,40756,14911
733,1,5,Italian,11:30,22:00,3.5,2,average,False,41367,39126
734,1,11,Italian,8:00,21:00,3.5,2,average,True,46913,30630
735,1,19,Italian,11:00,22:00,2.5,2,average,True,67370,13571
736,1,11,Italian,8:00,18:00,4.5,2,quiet,,85102,20616
737,2,47,Steakhouses,7:00,1:00,2.5,3,average,False,27595,9613
738,2,15,Steakhouses,10:00,20:00,3.0,3,,False,27595,9613
739,1,14,Steakhouses,16:00,22:00,2.0,3,average,False,34067,12477
740,3,103,Steakhouses,0:00,0:00,3.0,0,,False,26712,31850
741,3,62,Steakhouses,17:00,21:30,3.5,4,average,False,26712,31850
742,3,26,Steakhouses,17:00,21:30,3.5,3,average,False,26712,31850
743,2,64,Steakhouses,17:00,21:00,3.5,3,loud,False,14399,19204
744,2,9,Steakhouses,11:00,0:00,2.5,3,,False,14399,19204
745,3,7,Steakhouses,10:00,17:00,2.5,1,loud,False,18598,1999
746,3,49,Steakhouses,11:30,22:00,4.0,4,average,False,18598,1999
747,3,47,Steakhouses,17:00,23:00,4.0,4,quiet,True,18598,1999
748,1,3,Steakhouses,11:30,19:00,4.0,0,,,22880,12095
749,1,169,Japanese,11:00,22:00,3.0,3,very_loud,False,27595,9613
750,1,75,Japanese,11:30,14:00,4.0,2,average,False,28517,32482
751,8,126,Japanese,10:30,21:00,4.0,1,average,False,18473,28320
752,8,53,Japanese,11:00,21:00,3.0,2,average,True,18473,28320
753,8,52,Japanese,16:00,22:00,3.5,2,average,False,18473,28320
754,8,28,Japanese,0:00,0:00,3.0,1,average,False,18473,28320
755,8,13,Japanese,17:00,23:00,3.0,2,,False,18473,28320
756,8,35,Japanese,11:00,21:30,4.0,1,quiet,True,18473,28320
757,8,32,Japanese,11:00,22:00,4.0,1,average,False,18473,28320
758,8,57,Japanese,11:00,21:00,4.0,1,average,False,18473,28320
759,1,17,Japanese,17:00,22:00,3.5,2,quiet,True,39526,24691
760,5,121,Japanese,11:00,22:00,3.5,2,average,False,45173,26425
761,5,73,Japanese,9:00,21:30,3.5,2,average,False,45173,26425
762,5,142,Japanese,17:00,21:30,4.0,2,average,False,45173,26425
763,5,112,Japanese,12:00,22:00,3.5,2,average,True,45173,26425
764,5,63,Japanese,11:00,21:30,3.5,2,quiet,True,45173,26425
765,1,47,Japanese,11:30,14:00,4.0,2,quiet,False,14399,19204
766,1,33,Japanese,11:30,14:30,3.5,3,average,False,44018,19693
767,2,15,Japanese,11:00,20:00,4.5,2,average,False,18598,1999
768,2,81,Japanese,11:30,14:30,3.0,2,quiet,True,18598,1999
769,5,28,Japanese,16:30,22:00,4.0,2,average,False,22880,12095
770,5,57,Japanese,11:00,14:00,4.0,2,average,False,22880,12095
771,5,4,Japanese,11:00,22:00,4.5,1,quiet,False,22880,12095
772,5,56,Japanese,11:00,22:00,4.0,2,average,False,22880,12095
773,5,11,Japanese,16:00,22:00,3.5,2,quiet,True,22880,12095
774,1,88,Japanese,17:00,21:30,4.0,2,average,False,58440,17723
775,2,74,Japanese,17:00,21:30,4.0,4,average,False,32552,11792
776,2,10,Japanese,11:00,22:00,4.0,2,average,False,32552,11792
777,1,14,Sandwiches,9:00,18:00,4.0,1,average,False,27031,14326
778,8,9,Sandwiches,5:30,19:00,3.5,1,,False,27595,9613
779,8,13,Sandwiches,10:00,22:00,3.5,1,average,True,27595,9613
780,8,12,Sandwiches,11:00,20:00,4.5,1,quiet,False,27595,9613
781,8,36,Sandwiches,11:00,22:00,4.5,1,quiet,True,27595,9613
782,8,13,Sandwiches,11:00,20:00,5.0,2,average,False,27595,9613
783,8,4,Sandwiches,11:00,19:00,4.5,1,,False,27595,9613
784,8,6,Sandwiches,11:00,21:00,4.0,1,average,,27595,9613
785,8,77,Sandwiches,11:00,2:00,3.0,1,loud,False,27595,9613
786,2,8,Sandwiches,10:00,19:00,3.5,1,loud,False,38507,22586
787,2,43,Sandwiches,11:00,2:00,4.0,1,average,False,38507,22586
788,5,33,Sandwiches,7:00,17:00,4.0,1,very_loud,False,28517,32482
789,5,4,Sandwiches,7:00,19:00,5.0,2,,False,28517,32482
790,5,12,Sandwiches,9:00,16:00,3.5,1,average,True,28517,32482
791,5,14,Sandwiches,6:30,21:00,3.0,2,average,False,28517,32482
792,5,12,Sandwiches,8:00,20:00,4.0,1,quiet,False,28517,32482
793,1,4,Sandwiches,11:00,20:00,3.5,1,,True,24178,13352
794,1,8,Sandwiches,7:00,16:00,4.5,1,quiet,False,34067,12477
795,5,10,Sandwiches,12:00,19:00,3.0,2,loud,False,26712,31850
796,5,8,Sandwiches,7:00,20:00,4.5,1,quiet,False,26712,31850
797,5,48,Sandwiches,11:00,23:00,3.0,2,loud,False,26712,31850
798,5,27,Sandwiches,11:00,18:00,4.0,2,quiet,False,26712,31850
799,5,5,Sandwiches,7:00,14:00,2.5,2,average,False,26712,31850
800,15,16,Sandwiches,11:00,22:00,5.0,1,average,False,18473,28320
801,15,17,Sandwiches,5:30,18:00,3.5,1,quiet,False,18473,28320
802,15,5,Sandwiches,10:00,23:00,3.0,0,average,,18473,28320
803,15,9,Sandwiches,6:00,21:00,3.0,1,average,False,18473,28320
804,15,13,Sandwiches,8:00,22:00,3.5,1,quiet,True,18473,28320
805,15,13,Sandwiches,8:00,22:00,3.0,1,quiet,False,18473,28320
806,15,11,Sandwiches,11:00,23:00,3.5,1,,True,18473,28320
807,15,7,Sandwiches,11:00,17:00,3.0,1,average,True,18473,28320
808,15,9,Sandwiches,11:00,21:00,3.0,1,,False,18473,28320
809,15,158,Sandwiches,10:00,0:00,3.0,1,average,False,18473,28320
810,15,9,Sandwiches,9:00,2:00,3.0,1,average,False,18473,28320
811,15,48,Sandwiches,10:30,20:30,4.0,1,loud,False,18473,28320
812,15,16,Sandwiches,9:00,22:00,3.5,1,average,False,18473,28320
813,15,10,Sandwiches,12:00,19:00,2.5,1,average,False,18473,28320
814,15,5,Sandwiches,10:30,15:30,4.0,1,average,False,18473,28320
815,1,4,Sandwiches,7:00,15:00,4.5,1,quiet,False,43750,13212
816,3,8,Sandwiches,7:00,16:00,5.0,1,quiet,False,39526,24691
817,3,9,Sandwiches,11:00,23:30,4.0,2,average,True,39526,24691
818,3,3,Sandwiches,9:00,20:00,2.5,0,,,39526,24691
819,4,63,Sandwiches,11:00,20:30,4.0,1,average,False,45173,26425
820,4,30,Sandwiches,10:00,0:00,3.5,1,quiet,True,45173,26425
821,4,9,Sandwiches,5:30,20:00,3.0,1,average,False,45173,26425
822,4,8,Sandwiches,6:00,19:00,4.5,1,quiet,False,45173,26425
823,1,25,Sandwiches,8:00,22:30,4.5,1,loud,False,35983,14956
824,9,9,Sandwiches,5:30,17:00,3.0,1,quiet,False,14399,19204
825,9,4,Sandwiches,10:00,1:00,3.5,0,quiet,,14399,19204
826,9,4,Sandwiches,5:30,17:00,2.5,1,average,False,14399,19204
827,9,11,Sandwiches,10:00,19:00,4.0,1,average,True,14399,19204
828,9,17,Sandwiches,5:30,20:00,3.0,1,average,True,14399,19204
829,9,5,Sandwiches,7:30,14:30,5.0,1,quiet,True,14399,19204
830,9,3,Sandwiches,8:00,17:00,2.5,0,,,14399,19204
831,9,6,Sandwiches,6:00,21:00,3.0,0,average,,14399,19204
832,9,4,Sandwiches,7:00,22:00,4.5,1,quiet,False,14399,19204
833,4,21,Sandwiches,11:00,23:00,2.5,2,quiet,False,44018,19693
834,4,4,Sandwiches,11:00,23:00,2.5,0,,True,44018,19693
835,4,11,Sandwiches,6:00,21:00,4.0,1,quiet,False,44018,19693
836,4,5,Sandwiches,5:30,20:00,3.0,1,,False,44018,19693
837,1,13,Sandwiches,10:00,20:00,4.0,1,average,False,30668,36387
838,26,11,Sandwiches,7:00,18:00,4.0,1,loud,False,18598,1999
839,26,61,Sandwiches,11:00,19:00,4.0,1,quiet,False,18598,1999
840,26,9,Sandwiches,0:00,0:00,4.0,1,quiet,False,18598,1999
841,26,15,Sandwiches,10:30,16:30,3.5,1,loud,False,18598,1999
842,26,5,Sandwiches,8:00,17:00,3.5,0,quiet,False,18598,1999
843,26,6,Sandwiches,16:00,22:00,1.5,1,,True,18598,1999
844,26,6,Sandwiches,10:00,15:30,3.5,1,average,,18598,1999
845,26,9,Sandwiches,10:00,19:00,3.0,1,,False,18598,1999
846,26,340,Sandwiches,10:00,0:00,3.5,1,loud,False,18598,1999
847,26,12,Sandwiches,11:00,22:00,4.0,1,average,False,18598,1999
848,26,695,Sandwiches,6:00,6:00,3.5,1,loud,False,18598,1999
849,26,7,Sandwiches,11:30,23:00,3.5,1,average,True,18598,1999
850,26,47,Sandwiches,9:00,21:00,3.5,1,very_loud,True,18598,1999
851,26,5,Sandwiches,10:00,18:00,4.0,0,,,18598,1999
852,26,8,Sandwiches,5:30,17:00,3.0,1,,False,18598,1999
853,26,3,Sandwiches,9:00,17:00,3.5,1,average,False,18598,1999
854,26,8,Sandwiches,11:00,21:00,4.0,1,,False,18598,1999
855,26,124,Sandwiches,11:30,0:00,4.0,2,average,False,18598,1999
856,26,11,Sandwiches,10:30,19:00,3.5,1,loud,False,18598,1999
857,26,15,Sandwiches,6:00,3:00,3.5,1,average,False,18598,1999
858,26,19,Sandwiches,10:00,16:00,4.0,1,loud,False,18598,1999
859,26,21,Sandwiches,8:30,17:00,4.5,1,average,False,18598,1999
860,26,12,Sandwiches,10:00,20:00,4.5,1,average,False,18598,1999
861,26,16,Sandwiches,10:30,2:00,3.5,2,quiet,True,18598,1999
862,26,12,Sandwiches,6:00,22:00,3.5,1,loud,True,18598,1999
863,26,5,Sandwiches,8:00,20:00,2.5,1,,False,18598,1999
864,5,14,Sandwiches,11:00,17:00,3.5,1,average,False,22880,12095
865,5,8,Sandwiches,11:00,21:00,3.5,1,average,True,22880,12095
866,5,4,Sandwiches,11:00,22:00,4.5,2,quiet,False,22880,12095
867,5,8,Sandwiches,22:00,4:30,3.0,1,loud,False,22880,12095
868,5,33,Sandwiches,8:00,15:30,4.0,1,average,False,22880,12095
869,2,32,Sandwiches,6:30,19:00,4.5,1,average,False,37889,14648
870,2,6,Sandwiches,6:00,18:00,4.5,1,average,False,37889,14648
871,2,12,Sandwiches,11:00,20:00,5.0,1,quiet,True,38439,29621
872,2,3,Sandwiches,11:00,4:00,3.5,2,average,True,38439,29621
873,3,10,Sandwiches,7:30,17:00,3.5,1,average,False,58440,17723
874,3,12,Sandwiches,11:00,21:00,3.5,2,average,False,58440,17723
875,3,38,Sandwiches,11:00,0:00,3.5,1,average,False,58440,17723
876,2,15,Sandwiches,6:30,21:00,3.0,2,average,False,32552,11792
877,2,11,Sandwiches,5:30,19:00,3.0,1,,False,32552,11792
878,1,39,Sandwiches,10:00,20:00,4.5,1,average,False,23841,4876
879,1,5,Sandwiches,11:00,2:00,3.5,2,average,False,40756,14911
880,1,15,Sandwiches,9:00,21:00,4.0,1,quiet,False,46913,30630
881,2,12,Sandwiches,7:00,17:00,4.0,2,quiet,False,67370,13571
882,2,11,Sandwiches,7:00,21:00,3.0,1,quiet,False,67370,13571
883,5,7,Pizza,7:00,0:00,4.5,1,quiet,True,27031,14326
884,5,19,Pizza,11:00,2:00,2.5,1,,True,27031,14326
885,5,207,Pizza,11:00,22:00,4.0,2,average,False,27031,14326
886,5,4,Pizza,9:00,18:00,3.5,1,,True,27031,14326
887,5,6,Pizza,11:00,22:00,3.0,2,,True,27031,14326
888,1,20,Pizza,10:00,23:00,3.5,2,average,True,34727,21022
889,10,14,Pizza,11:00,4:00,3.5,0,,,27595,9613
890,10,8,Pizza,8:00,20:00,2.0,1,,True,27595,9613
891,10,7,Pizza,9:00,21:00,1.0,0,,True,27595,9613
892,10,37,Pizza,10:00,1:00,3.0,1,average,True,27595,9613
893,10,10,Pizza,9:30,19:30,2.5,1,,True,27595,9613
894,10,6,Pizza,17:00,12:00,4.5,1,,False,27595,9613
895,10,19,Pizza,11:30,0:00,3.5,1,average,False,27595,9613
896,10,33,Pizza,11:00,22:00,4.0,1,average,False,27595,9613
897,10,28,Pizza,11:00,4:00,3.5,2,average,False,27595,9613
898,10,14,Pizza,11:30,23:00,4.0,1,quiet,False,27595,9613
899,3,8,Pizza,8:00,22:00,2.0,2,,True,38507,22586
900,3,36,Pizza,11:00,21:30,4.0,2,average,False,38507,22586
901,3,4,Pizza,8:00,17:00,3.5,1,average,True,38507,22586
902,7,62,Pizza,11:00,0:00,3.5,1,average,False,28517,32482
903,7,101,Pizza,17:00,22:00,4.0,2,average,False,28517,32482
904,7,23,Pizza,10:00,1:00,3.0,2,quiet,True,28517,32482
905,7,5,Pizza,9:00,20:00,4.0,1,,True,28517,32482
906,7,7,Pizza,11:00,23:00,3.0,2,quiet,True,28517,32482
907,7,13,Pizza,10:00,23:00,3.5,1,average,False,28517,32482
908,7,41,Pizza,11:00,0:00,4.0,2,average,True,28517,32482
909,2,23,Pizza,11:00,23:00,4.0,1,average,True,28156,13203
910,2,11,Pizza,9:00,20:00,4.0,1,,True,28156,13203
911,5,7,Pizza,8:00,19:30,4.0,1,average,True,27041,31216
912,5,4,Pizza,10:00,21:00,2.5,1,,True,27041,31216
913,5,6,Pizza,16:00,21:30,3.5,1,average,False,27041,31216
914,5,4,Pizza,9:00,16:30,3.0,2,,True,27041,31216
915,5,5,Pizza,10:00,18:00,4.5,0,average,True,27041,31216
916,1,4,Pizza,11:00,23:00,4.0,2,average,True,34067,12477
917,9,3,Pizza,11:00,21:00,3.5,0,quiet,,26712,31850
918,9,8,Pizza,10:00,0:00,3.5,0,quiet,,26712,31850
919,9,3,Pizza,10:00,21:00,4.0,1,loud,False,26712,31850
920,9,14,Pizza,10:00,23:00,3.5,1,average,True,26712,31850
921,9,6,Pizza,10:00,21:00,3.5,2,quiet,True,26712,31850
922,9,9,Pizza,11:00,23:00,3.0,1,loud,True,26712,31850
923,9,3,Pizza,11:00,22:00,3.5,0,,True,26712,31850
924,9,6,Pizza,12:00,0:00,3.0,4,,True,26712,31850
925,9,6,Pizza,12:00,20:00,3.0,2,quiet,True,26712,31850
926,17,16,Pizza,11:00,21:00,3.5,1,average,True,18473,28320
927,17,27,Pizza,11:00,0:00,3.5,2,average,True,18473,28320
928,17,12,Pizza,11:00,0:00,3.5,1,quiet,True,18473,28320
929,17,17,Pizza,10:30,2:00,3.0,1,average,True,18473,28320
930,17,18,Pizza,11:00,20:00,3.0,1,average,True,18473,28320
931,17,8,Pizza,8:30,17:30,2.5,1,average,True,18473,28320
932,17,8,Pizza,10:00,3:00,3.0,0,,True,18473,28320
933,17,11,Pizza,10:30,2:00,3.5,1,loud,False,18473,28320
934,17,11,Pizza,10:00,13:00,3.5,2,,True,18473,28320
935,17,7,Pizza,10:00,18:00,2.5,2,average,True,18473,28320
936,17,6,Pizza,10:30,22:00,4.5,2,,False,18473,28320
937,17,12,Pizza,11:00,23:00,3.5,1,loud,True,18473,28320
938,17,3,Pizza,16:00,22:00,3.0,0,,True,18473,28320
939,17,15,Pizza,11:00,0:00,3.5,1,quiet,False,18473,28320
940,17,21,Pizza,17:00,1:00,2.0,1,average,True,18473,28320
941,17,16,Pizza,11:00,23:30,4.0,1,quiet,True,18473,28320
942,17,15,Pizza,11:00,18:00,4.0,1,quiet,False,18473,28320
943,3,6,Pizza,10:00,23:00,4.5,1,average,True,43750,13212
944,3,4,Pizza,10:30,22:30,3.5,0,,True,43750,13212
945,3,10,Pizza,10:00,22:00,4.5,2,average,True,43750,13212
946,12,86,Pizza,11:00,0:30,3.5,1,average,False,39526,24691
947,12,25,Pizza,11:00,23:00,3.5,1,average,False,39526,24691
948,12,7,Pizza,11:00,23:00,2.5,2,,True,39526,24691
949,12,3,Pizza,10:00,0:00,4.0,0,,True,39526,24691
950,12,7,Pizza,11:00,22:00,2.5,2,,True,39526,24691
951,12,4,Pizza,11:00,23:00,3.0,0,,,39526,24691
952,12,3,Pizza,11:00,23:00,2.5,2,average,True,39526,24691
953,12,5,Pizza,11:00,22:00,3.5,1,,True,39526,24691
954,12,5,Pizza,11:00,23:00,4.5,2,quiet,True,39526,24691
955,12,42,Pizza,10:00,22:00,3.5,2,average,True,39526,24691
956,12,4,Pizza,11:00,0:00,2.0,2,,True,39526,24691
957,12,27,Pizza,11:30,22:00,4.0,1,average,True,39526,24691
958,9,115,Pizza,11:00,1:00,4.0,2,average,False,45173,26425
959,9,138,Pizza,11:00,1:00,3.5,1,average,False,45173,26425
960,9,44,Pizza,10:00,22:00,3.5,1,average,False,45173,26425
961,9,22,Pizza,11:00,22:00,3.5,1,average,True,45173,26425
962,9,6,Pizza,6:00,1:00,4.5,1,average,False,45173,26425
963,9,28,Pizza,8:00,20:00,3.0,1,loud,True,45173,26425
964,9,33,Pizza,10:00,1:00,3.0,2,quiet,True,45173,26425
965,9,27,Pizza,11:00,23:00,4.0,1,quiet,True,45173,26425
966,9,26,Pizza,11:00,22:00,3.0,2,average,True,45173,26425
967,1,4,Pizza,11:00,22:00,3.0,0,average,True,35983,14956
968,2,4,Pizza,10:00,2:00,3.0,1,,True,14399,19204
969,2,27,Pizza,10:00,2:00,4.0,2,average,True,14399,19204
970,2,34,Pizza,11:00,0:00,3.5,2,average,True,44018,19693
971,2,4,Pizza,10:00,1:00,2.5,0,,True,44018,19693
972,2,30,Pizza,6:00,21:00,4.0,1,average,False,30668,36387
973,2,14,Pizza,9:00,17:00,4.0,1,average,False,30668,36387
974,15,32,Pizza,9:00,21:00,4.0,1,average,True,18598,1999
975,15,54,Pizza,9:00,1:00,3.5,1,average,True,18598,1999
976,15,6,Pizza,11:00,23:00,2.5,2,average,True,18598,1999
977,15,7,Pizza,7:00,15:00,4.5,1,average,False,18598,1999
978,15,6,Pizza,8:00,18:00,4.0,1,quiet,False,18598,1999
979,15,16,Pizza,10:30,20:00,3.5,1,average,True,18598,1999
980,15,31,Pizza,10:00,1:00,3.0,1,average,True,18598,1999
981,15,60,Pizza,11:00,19:00,3.5,1,average,True,18598,1999
982,15,162,Pizza,11:00,22:00,3.5,2,loud,False,18598,1999
983,15,5,Pizza,11:00,21:30,3.5,1,,False,18598,1999
984,15,69,Pizza,11:00,21:00,4.5,2,average,False,18598,1999
985,15,12,Pizza,10:00,1:00,3.0,1,average,True,18598,1999
986,15,16,Pizza,11:00,22:00,3.0,2,average,True,18598,1999
987,15,16,Pizza,10:00,2:00,3.5,1,average,True,18598,1999
988,15,51,Pizza,10:00,1:00,4.0,2,average,True,18598,1999
989,1,6,Pizza,10:00,23:00,4.0,1,quiet,True,33724,7991
990,9,4,Pizza,10:00,20:00,3.0,1,quiet,,22880,12095
991,9,14,Pizza,11:30,18:00,4.0,1,average,True,22880,12095
992,9,89,Pizza,11:30,22:00,2.5,2,average,False,22880,12095
993,9,28,Pizza,11:00,23:00,3.5,1,loud,True,22880,12095
994,9,28,Pizza,11:00,22:00,4.0,1,,True,22880,12095
995,9,17,Pizza,11:00,20:00,4.5,1,average,True,22880,12095
996,9,107,Pizza,11:00,22:00,4.5,1,loud,False,22880,12095
997,9,77,Pizza,0:00,0:00,3.0,2,average,True,22880,12095
998,9,17,Pizza,11:00,23:00,4.0,2,average,False,22880,12095
999,7,10,Pizza,11:00,21:00,3.0,1,,True,37889,14648
1000,7,8,Pizza,10:00,22:00,3.5,2,loud,True,37889,14648
1001,7,3,Pizza,11:00,0:00,4.5,1,,False,37889,14648
1002,7,9,Pizza,4:30,22:00,4.0,2,average,True,37889,14648
1003,7,8,Pizza,6:00,18:00,3.5,1,average,True,37889,14648
1004,7,10,Pizza,11:00,22:00,3.5,1,average,True,37889,14648
1005,7,108,Pizza,11:00,1:00,4.0,1,average,False,37889,14648
1006,1,10,Pizza,9:00,18:00,4.5,1,,False,38439,29621
1007,2,139,Pizza,12:00,22:00,4.0,2,average,False,58440,17723
1008,2,24,Pizza,17:00,21:30,4.0,1,average,True,58440,17723
1009,8,21,Pizza,9:30,17:00,3.0,2,,False,32552,11792
1010,8,28,Pizza,11:30,14:30,3.5,2,quiet,False,32552,11792
1011,8,4,Pizza,11:00,23:00,4.5,1,quiet,False,32552,11792
1012,8,19,Pizza,11:00,2:00,2.5,2,very_loud,True,32552,11792
1013,8,71,Pizza,16:00,2:00,3.5,2,average,True,32552,11792
1014,8,16,Pizza,11:00,17:00,4.0,1,,True,32552,11792
1015,8,151,Pizza,11:00,22:00,4.0,2,average,False,32552,11792
1016,8,22,Pizza,10:00,1:00,4.0,1,average,True,32552,11792
1017,2,9,Pizza,11:00,21:00,2.5,1,loud,True,23841,4876
1018,2,11,Pizza,9:00,17:00,4.0,1,quiet,False,23841,4876
1019,4,5,Pizza,11:00,22:00,3.5,1,,True,40756,14911
1020,4,3,Pizza,11:00,20:30,2.5,1,quiet,True,40756,14911
1021,4,29,Pizza,11:00,23:00,4.0,2,average,False,40756,14911
1022,4,14,Pizza,11:30,21:00,4.0,1,quiet,True,40756,14911
1023,1,8,Pizza,9:00,21:00,4.0,1,quiet,False,46913,30630
1024,2,4,Pizza,11:00,2:00,2.5,2,,,67370,13571
1025,2,7,Pizza,11:00,22:00,2.5,1,loud,True,67370,13571
1026,1,6,Pizza,10:00,22:45,3.0,2,average,True,85102,20616
1027,3,4,Pizza,11:00,21:30,4.0,1,,,60717,13660
1028,3,6,Pizza,11:00,22:00,2.5,2,,True,60717,13660
1029,3,3,Pizza,11:00,22:00,4.0,2,,True,60717,13660
1030,1,4,Burgers,9:30,20:00,3.0,1,,False,27031,14326
1031,1,4,Burgers,9:00,17:00,2.5,0,,,34727,21022
1032,7,7,Burgers,18:00,22:00,3.0,2,average,,27595,9613
1033,7,7,Burgers,10:30,22:00,1.5,0,very_loud,,27595,9613
1034,7,27,Burgers,7:00,22:00,4.0,1,average,False,27595,9613
1035,7,14,Burgers,17:00,2:00,3.5,2,average,False,27595,9613
1036,7,80,Burgers,11:00,2:00,4.0,2,loud,False,27595,9613
1037,7,6,Burgers,11:00,20:00,3.5,1,,False,27595,9613
1038,7,80,Burgers,11:00,2:00,3.5,2,average,False,27595,9613
1039,2,10,Burgers,7:30,21:00,4.0,1,average,False,38507,22586
1040,2,3,Burgers,11:00,2:00,1.0,2,,False,38507,22586
1041,3,11,Burgers,17:00,22:00,4.5,2,average,False,28517,32482
1042,3,6,Burgers,6:00,23:00,2.0,1,,False,28517,32482
1043,3,273,Burgers,11:30,23:00,3.5,2,average,False,28517,32482
1044,1,6,Burgers,5:30,20:00,4.0,1,average,False,38292,12891
1045,1,41,Burgers,11:00,2:00,3.5,2,average,False,34067,12477
1046,1,19,Burgers,6:00,22:00,2.5,2,loud,False,26712,31850
1047,5,4,Burgers,10:30,2:00,2.5,1,average,False,18473,28320
1048,5,52,Burgers,11:00,22:00,3.5,1,loud,False,18473,28320
1049,5,20,Burgers,11:00,22:00,3.5,1,quiet,True,18473,28320
1050,5,44,Burgers,11:00,22:00,3.5,1,loud,False,18473,28320
1051,5,21,Burgers,11:00,23:59,3.5,2,average,False,18473,28320
1052,3,13,Burgers,11:30,0:00,4.0,2,average,False,39526,24691
1053,3,7,Burgers,9:00,21:00,2.5,0,,False,39526,24691
1054,3,4,Burgers,15:00,2:00,3.5,1,,False,39526,24691
1055,1,5,Burgers,11:00,19:00,1.5,1,,False,45173,26425
1056,2,4,Burgers,8:00,22:30,3.0,1,,False,35983,14956
1057,2,12,Burgers,6:00,0:00,2.5,2,average,False,35983,14956
1058,3,8,Burgers,11:00,15:00,4.0,2,quiet,False,14399,19204
1059,3,6,Burgers,12:00,21:00,3.0,3,,False,14399,19204
1060,3,56,Burgers,11:00,0:00,3.0,2,loud,False,14399,19204
1061,1,7,Burgers,11:00,2:00,3.5,2,,False,44018,19693
1062,2,4,Burgers,11:00,22:00,2.0,1,average,False,30668,36387
1063,2,4,Burgers,11:00,17:30,3.0,1,,False,30668,36387
1064,8,3,Burgers,10:00,19:00,1.5,1,very_loud,False,18598,1999
1065,8,4,Burgers,9:00,18:00,2.5,0,,,18598,1999
1066,8,22,Burgers,10:00,17:00,4.0,1,loud,True,18598,1999
1067,8,11,Burgers,10:30,0:00,3.0,2,,,18598,1999
1068,8,5,Burgers,11:00,22:00,4.5,2,,False,18598,1999
1069,8,18,Burgers,11:00,2:00,3.0,2,average,False,18598,1999
1070,8,246,Burgers,11:00,0:00,4.0,2,average,False,18598,1999
1071,8,5,Burgers,11:00,22:00,2.0,1,,False,18598,1999
1072,2,3,Burgers,8:00,20:00,3.0,0,,False,22880,12095
1073,2,219,Burgers,11:00,23:00,4.0,2,average,False,22880,12095
1074,3,3,Burgers,10:00,18:00,3.5,1,,False,37889,14648
1075,3,4,Burgers,6:00,18:00,3.0,1,,False,37889,14648
1076,3,5,Burgers,6:00,18:00,1.5,1,average,False,37889,14648
1077,2,3,Burgers,9:00,18:00,2.5,0,,False,38439,29621
1078,2,20,Burgers,11:00,22:00,3.5,1,average,True,38439,29621
1079,3,17,Burgers,11:00,21:00,2.5,2,loud,False,58440,17723
1080,3,30,Burgers,16:00,2:00,3.5,2,loud,False,58440,17723
1081,3,10,Burgers,11:00,21:00,4.0,2,average,False,58440,17723
1082,3,77,Burgers,16:00,2:00,4.0,2,average,False,32552,11792
1083,3,71,Burgers,15:00,2:00,3.5,2,loud,False,32552,11792
1084,3,14,Burgers,10:00,20:00,2.5,1,quiet,False,32552,11792
1085,2,4,Burgers,11:00,21:00,1.0,1,,False,23841,4876
1086,2,75,Burgers,11:30,22:00,3.5,2,average,False,23841,4876
1087,2,7,Burgers,11:00,22:00,4.0,1,average,False,67370,13571
1088,2,325,Burgers,11:00,22:00,4.0,2,loud,False,67370,13571
1089,2,3,Mexican,17:30,22:00,4.5,1,,False,27031,14326
1090,2,200,Mexican,11:30,0:00,3.5,2,loud,False,27031,14326
1091,1,6,Mexican,9:00,19:00,3.0,1,,False,34727,21022
1092,8,8,Mexican,12:00,22:30,4.0,1,quiet,,27595,9613
1093,8,34,Mexican,11:00,22:00,4.0,2,average,False,27595,9613
1094,8,116,Mexican,11:00,22:00,3.5,2,average,False,27595,9613
1095,8,5,Mexican,10:00,19:00,3.5,2,average,,27595,9613
1096,8,20,Mexican,11:00,2:00,2.5,2,loud,False,27595,9613
1097,8,40,Mexican,11:00,21:00,4.0,2,average,False,27595,9613
1098,8,15,Mexican,8:00,22:00,2.0,1,average,False,27595,9613
1099,8,5,Mexican,11:00,22:00,4.5,2,,False,27595,9613
1100,2,20,Mexican,11:00,22:00,4.0,1,average,False,38507,22586
1101,2,6,Mexican,6:00,3:00,2.5,1,average,False,38507,22586
1102,5,147,Mexican,11:00,2:00,3.5,2,loud,False,28517,32482
1103,5,19,Mexican,11:00,22:00,3.0,1,average,False,28517,32482
1104,5,15,Mexican,11:00,21:00,2.5,2,quiet,False,28517,32482
1105,5,39,Mexican,11:00,22:00,3.0,2,average,False,28517,32482
1106,5,231,Mexican,11:00,22:00,3.5,2,average,False,28517,32482
1107,1,57,Mexican,11:00,21:00,4.0,1,average,False,26712,31850
1108,8,70,Mexican,9:00,17:00,4.5,1,average,False,18473,28320
1109,8,14,Mexican,11:00,2:00,3.0,2,,,18473,28320
1110,8,31,Mexican,11:00,22:00,4.0,1,average,False,18473,28320
1111,8,13,Mexican,11:00,22:00,2.5,1,average,False,18473,28320
1112,8,20,Mexican,11:00,23:00,3.0,1,average,False,18473,28320
1113,8,24,Mexican,11:00,22:00,4.0,1,average,False,18473,28320
1114,8,24,Mexican,10:30,22:00,3.0,1,average,False,18473,28320
1115,8,165,Mexican,11:00,2:00,3.5,2,very_loud,False,18473,28320
1116,4,11,Mexican,0:00,0:00,3.5,2,average,False,39526,24691
1117,4,37,Mexican,16:00,22:00,2.5,2,average,False,39526,24691
1118,4,24,Mexican,11:00,21:00,4.5,1,quiet,False,39526,24691
1119,4,80,Mexican,11:00,21:00,4.0,2,average,False,39526,24691
1120,1,45,Mexican,11:00,21:30,2.5,2,quiet,False,45173,26425
1121,1,4,Mexican,7:00,1:00,3.5,1,quiet,False,35983,14956
1122,1,5,Mexican,10:30,18:00,3.5,1,average,False,14399,19204
1123,2,65,Mexican,11:00,23:00,3.5,2,average,False,44018,19693
1124,2,6,Mexican,6:00,3:00,2.0,1,,False,44018,19693
1125,12,90,Mexican,11:00,22:00,3.0,2,average,False,18598,1999
1126,12,7,Mexican,10:30,15:00,4.0,1,loud,False,18598,1999
1127,12,23,Mexican,11:00,21:00,3.0,2,average,False,18598,1999
1128,12,8,Mexican,11:00,20:00,4.0,2,average,False,18598,1999
1129,12,10,Mexican,11:00,16:00,4.5,1,average,,18598,1999
1130,12,34,Mexican,11:00,20:00,4.0,1,average,False,18598,1999
1131,12,4,Mexican,11:00,21:30,2.5,0,,,18598,1999
1132,12,28,Mexican,11:00,20:00,3.5,1,loud,False,18598,1999
1133,12,6,Mexican,10:30,19:00,3.5,1,average,False,18598,1999
1134,12,76,Mexican,9:00,16:00,4.5,1,average,False,18598,1999
1135,12,94,Mexican,11:30,22:00,3.5,2,average,False,18598,1999
1136,12,26,Mexican,17:00,22:00,4.0,1,average,False,18598,1999
1137,1,65,Mexican,10:00,22:00,4.0,1,average,True,22880,12095
1138,1,110,Mexican,9:00,22:00,4.5,1,average,False,37889,14648
1139,2,10,Mexican,11:00,21:00,3.0,3,average,,38439,29621
1140,2,30,Mexican,11:00,21:00,3.5,1,quiet,True,38439,29621
1141,3,121,Mexican,11:00,0:00,2.5,2,average,False,32552,11792
1142,3,19,Mexican,11:00,20:00,3.0,1,average,False,32552,11792
1143,3,17,Mexican,11:00,22:00,3.0,2,average,False,32552,11792
1144,1,30,Mexican,11:00,21:00,3.5,2,loud,False,40756,14911
1145,2,26,Mexican,11:00,22:00,3.0,2,average,False,67370,13571
1146,2,7,Mexican,11:00,21:00,1.5,2,average,False,67370,13571
1147,1,39,Mexican,11:00,21:00,3.5,2,quiet,False,60717,13660
1148,2,4,Thai,8:00,22:00,5.0,2,,False,27031,14326
1149,2,139,Thai,16:30,22:00,4.0,2,average,False,27031,14326
1150,1,15,Thai,11:00,22:00,4.0,2,quiet,False,34727,21022
1151,2,31,Thai,11:00,22:00,4.0,2,quiet,True,27595,9613
1152,2,82,Thai,11:00,21:30,3.5,2,average,False,27595,9613
1153,1,48,Thai,11:00,21:00,4.0,2,quiet,False,38507,22586
1154,5,19,Thai,11:30,22:00,3.5,2,quiet,False,28517,32482
1155,5,12,Thai,11:00,22:00,3.5,3,,False,28517,32482
1156,5,11,Thai,11:00,21:00,3.5,2,average,False,28517,32482
1157,5,264,Thai,12:00,22:00,4.0,1,average,False,28517,32482
1158,5,272,Thai,11:00,21:00,4.0,2,average,False,28517,32482
1159,1,5,Thai,9:00,20:00,3.0,1,,False,18473,28320
1160,2,13,Thai,11:00,22:00,4.0,2,average,False,39526,24691
1161,2,51,Thai,16:30,21:30,4.0,2,average,False,39526,24691
1162,5,118,Thai,11:30,22:00,3.5,2,average,False,45173,26425
1163,5,127,Thai,12:00,22:00,3.5,2,quiet,True,45173,26425
1164,5,25,Thai,11:00,22:00,4.0,2,quiet,False,45173,26425
1165,5,60,Thai,11:30,21:30,3.5,2,average,False,45173,26425
1166,5,8,Thai,11:00,15:00,3.5,2,,True,45173,26425
1167,3,30,Thai,16:00,21:00,3.5,2,quiet,True,35983,14956
1168,3,35,Thai,11:30,21:30,3.5,2,average,False,35983,14956
1169,3,48,Thai,11:00,21:00,4.0,2,quiet,False,35983,14956
1170,1,6,Thai,11:00,21:00,4.0,2,quiet,True,14399,19204
1171,5,6,Thai,11:00,21:00,4.0,2,average,True,18598,1999
1172,5,166,Thai,11:30,21:30,4.0,2,average,False,18598,1999
1173,5,28,Thai,11:00,21:30,2.5,2,quiet,False,18598,1999
1174,5,10,Thai,11:00,21:00,4.0,2,average,False,18598,1999
1175,5,48,Thai,11:30,21:00,4.0,2,quiet,,18598,1999
1176,2,85,Thai,16:00,21:00,4.0,2,average,False,22880,12095
1177,2,142,Thai,11:00,14:30,4.0,2,average,True,22880,12095
1178,1,8,Thai,11:00,21:00,4.0,1,,True,58440,17723
1179,1,88,Thai,11:00,22:00,3.0,2,quiet,True,32552,11792
1180,1,211,Thai,11:30,21:00,4.0,2,average,False,23841,4876
1181,1,14,Thai,11:00,22:00,3.5,2,quiet,False,67370,13571
1182,3,9,Middle Eastern,17:00,22:00,4.0,2,,False,27031,14326
1183,3,7,Middle Eastern,11:00,2:00,3.5,1,,False,27031,14326
1184,3,15,Middle Eastern,11:00,22:00,4.5,2,quiet,False,27031,14326
1185,1,4,Middle Eastern,17:00,21:00,5.0,1,average,True,34727,21022
1186,1,17,Middle Eastern,17:00,1:00,3.0,2,loud,False,27595,9613
1187,2,84,Middle Eastern,11:30,21:30,3.5,2,average,False,18473,28320
1188,2,6,Middle Eastern,11:00,22:00,4.5,2,,False,18473,28320
1189,3,42,Middle Eastern,17:00,22:00,4.0,2,quiet,False,45173,26425
1190,3,28,Middle Eastern,12:00,21:00,4.0,2,average,False,45173,26425
1191,3,4,Middle Eastern,9:00,16:00,3.0,1,quiet,,45173,26425
1192,1,47,Middle Eastern,11:00,19:00,4.5,1,average,False,18598,1999
1193,2,7,Middle Eastern,17:00,21:00,4.0,2,quiet,False,37889,14648
1194,2,26,Middle Eastern,11:00,2:00,4.0,2,loud,False,37889,14648
1195,1,53,Middle Eastern,11:00,22:00,4.5,2,average,False,58440,17723
1196,1,23,Middle Eastern,11:00,21:00,4.5,2,quiet,False,40756,14911
